epoch,mean_loss,mean_batch_acc
0,0.11467535770662955,0.36926051130834614
