epoch,mean_loss,mean_batch_acc
0,0.11711362459745885,0.3726800522714291
1,0.10193461610872662,0.4013334422741296
2,0.07987654679960061,0.2735810709074608
3,0.06032370047244015,0.27062849316207116
4,0.08386963184524998,0.3503875314439618
5,0.06148243686949407,0.2666651417249404
6,0.07534590875162485,0.2769787753902891
7,0.04084760250032033,0.14667942801361564
8,0.07940990788698835,0.31845895243140887
9,0.07920564759179288,0.34950221334613346
